-- ============================================================
-- seed.sql — BK English Center dummy data
-- Generated automatically. Run after schema (dacnpm.sql).
-- Re-indexes AUTO_INCREMENT on every table before inserting.
-- ============================================================

USE BKEC;
SET FOREIGN_KEY_CHECKS = 0;

-- Reset all tables and re-index
TRUNCATE TABLE Emails;
ALTER TABLE Emails AUTO_INCREMENT = 1;
TRUNCATE TABLE Sponsors;
ALTER TABLE Sponsors AUTO_INCREMENT = 1;
TRUNCATE TABLE RegisterLog;
ALTER TABLE RegisterLog AUTO_INCREMENT = 1;
TRUNCATE TABLE Log;
ALTER TABLE Log AUTO_INCREMENT = 1;
TRUNCATE TABLE TeacherHasFile;
ALTER TABLE TeacherHasFile AUTO_INCREMENT = 1;
TRUNCATE TABLE TeacherJoinClass;
ALTER TABLE TeacherJoinClass AUTO_INCREMENT = 1;
TRUNCATE TABLE StudentJoinClass;
ALTER TABLE StudentJoinClass AUTO_INCREMENT = 1;
TRUNCATE TABLE ManageStaff;
ALTER TABLE ManageStaff AUTO_INCREMENT = 1;
TRUNCATE TABLE Classes;
ALTER TABLE Classes AUTO_INCREMENT = 1;
TRUNCATE TABLE Courses;
ALTER TABLE Courses AUTO_INCREMENT = 1;
TRUNCATE TABLE Admin;
TRUNCATE TABLE Staff;
TRUNCATE TABLE Teachers;
TRUNCATE TABLE Students;
TRUNCATE TABLE Users;
ALTER TABLE Users AUTO_INCREMENT = 1;

-- ── Users (100 rows) ─────────────────────────────────────
INSERT INTO Users (id, username, password, role, email, image) VALUES
  (1, 'user001', '$2b$10$c23162ffc1a535af2ee09588469194816e60cb437e30d78c5617b', 'student', 'user001@bkec.edu.vn', NULL),
  (2, 'user002', '$2b$10$e3ce8de04a926e54c5a1f64b1babd835ae2f43eef75354ebd6c9a', 'student', 'user002@bkec.edu.vn', NULL),
  (3, 'user003', '$2b$10$1bafcb67e3009476f422803e3bda7fd9773c0f3ffee51162fc2ab', 'student', 'user003@bkec.edu.vn', NULL),
  (4, 'user004', '$2b$10$ef892ecf414a9d0497e7cf1636c0b0e47ad31993e11f28127bf0d', 'student', 'user004@bkec.edu.vn', NULL),
  (5, 'user005', '$2b$10$beaa651892ab94db191478989226d6e919a811eb6e32083e5dba8', 'student', 'user005@bkec.edu.vn', NULL),
  (6, 'user006', '$2b$10$f8ef0595a4b6508736bfde713027b57ea5ebffa0d218cc1808de4', 'student', 'user006@bkec.edu.vn', NULL),
  (7, 'user007', '$2b$10$5b7f93ad974636b90b9123170e0354dca7af0b14ae98eba6819e3', 'student', 'user007@bkec.edu.vn', NULL),
  (8, 'user008', '$2b$10$831b8c438fd7731e8318a8347c9c8723cb2d6ff1e32839f2d555e', 'student', 'user008@bkec.edu.vn', NULL),
  (9, 'user009', '$2b$10$e3adc91f1de618b3a9be36acc1cabb8f3798c9d25b4f52e62c385', 'student', 'user009@bkec.edu.vn', NULL),
  (10, 'user010', '$2b$10$7f7e89b08036415f53f9b44afb3c5203ae3e38703fd7a1765c1fd', 'student', 'user010@bkec.edu.vn', NULL),
  (11, 'user011', '$2b$10$e2749b87ca12e4442c398af65237a7de7e8c684ee19850fc41e44', 'student', 'user011@bkec.edu.vn', NULL),
  (12, 'user012', '$2b$10$bfcc2f63d1e28af8ff6bb35f275c82a37a95692393a08c08eef7e', 'student', 'user012@bkec.edu.vn', NULL),
  (13, 'user013', '$2b$10$67d2edfc7f835e47ddad571818de648eeac9d79f101afae754c86', 'student', 'user013@bkec.edu.vn', NULL),
  (14, 'user014', '$2b$10$9ae6e8ec4af24359c97cd665c9179ce95a5794e3e385e17a0c1a2', 'student', 'user014@bkec.edu.vn', NULL),
  (15, 'user015', '$2b$10$8347c9ccdc3c5638455e24215833bd9717263d92d9770aca7a194', 'student', 'user015@bkec.edu.vn', NULL),
  (16, 'user016', '$2b$10$9c11e7938e1e8f68da5fc5f7d8d2dab74972c73739ebe47e70f45', 'student', 'user016@bkec.edu.vn', NULL),
  (17, 'user017', '$2b$10$e6682d93ff2306b1246683d51c73ac8102faa91fe5423f8574992', 'student', 'user017@bkec.edu.vn', NULL),
  (18, 'user018', '$2b$10$92c066bf55c1b5aabc1e184d6c12a6687f779e2f89fea9ea9de46', 'student', 'user018@bkec.edu.vn', NULL),
  (19, 'user019', '$2b$10$1924aa5828b2ad4fcc8b97a9e1623dd595b4217e9abb62a33cae2', 'student', 'user019@bkec.edu.vn', NULL),
  (20, 'user020', '$2b$10$cd4cd7099d4359023bfc92d0df881be08729bfca382e4b79511a3', 'student', 'user020@bkec.edu.vn', NULL),
  (21, 'user021', '$2b$10$59c796a90f3106fca730f4e14155a5bc1f7171f06d0720344ad0d', 'student', 'user021@bkec.edu.vn', NULL),
  (22, 'user022', '$2b$10$562256751f951fcb96c5e8430b521137a6c6d82be66912ec293e1', 'student', 'user022@bkec.edu.vn', NULL),
  (23, 'user023', '$2b$10$e33d8820772d3d487c35adf46052fb181a942c44cd3e0ce2571cf', 'student', 'user023@bkec.edu.vn', NULL),
  (24, 'user024', '$2b$10$b81a1e406c5e862a994b3a45c789dfee53c04e72232a05b1ea1e7', 'student', 'user024@bkec.edu.vn', NULL),
  (25, 'user025', '$2b$10$65a749c515b5af4d3d969a7492fc81d2dcb5b74432ab5165e3957', 'student', 'user025@bkec.edu.vn', NULL),
  (26, 'user026', '$2b$10$49a25ec40ce40d4d0f4fca269e7832ef411c0fe6d5e043496a462', 'student', 'user026@bkec.edu.vn', NULL),
  (27, 'user027', '$2b$10$5ad093b864b6075f9c0f04f33f79349a6ab8ef0da452d5e074601', 'student', 'user027@bkec.edu.vn', NULL),
  (28, 'user028', '$2b$10$cb6e7d8071c29eed9e07868d59273fd2fc4b93d1ffe9f2f1d888e', 'student', 'user028@bkec.edu.vn', NULL),
  (29, 'user029', '$2b$10$abe924ab6980d8bc8ad13faf8242446a760d381f96434b0c80311', 'student', 'user029@bkec.edu.vn', NULL),
  (30, 'user030', '$2b$10$a5bec08d2a42130f3fb84ce0957e87f92e1245641e02822cf1ff4', 'student', 'user030@bkec.edu.vn', NULL),
  (31, 'user031', '$2b$10$96dde43679ff52b75478ea63dec8ad2336ffa5631a807e3e9d091', 'student', 'user031@bkec.edu.vn', NULL),
  (32, 'user032', '$2b$10$a0935cbc1ed08410b7d2160f72959f53712298935627ec8cf2dc6', 'student', 'user032@bkec.edu.vn', NULL),
  (33, 'user033', '$2b$10$e0d8a1baca98551f7b67e62e7291164899c03f749aeb24149c6d4', 'student', 'user033@bkec.edu.vn', NULL),
  (34, 'user034', '$2b$10$8f76a37b95f158b5a45215cdee0b44a543cada9959e224c6b795b', 'student', 'user034@bkec.edu.vn', NULL),
  (35, 'user035', '$2b$10$fe68a842047a7026ec44976ad95eb43fbe56f91559198f534e5b3', 'student', 'user035@bkec.edu.vn', NULL),
  (36, 'user036', '$2b$10$43d1ba40088828c4095938cd431e8cbc389defe96611ed5a7be38', 'student', 'user036@bkec.edu.vn', NULL),
  (37, 'user037', '$2b$10$6926aaa0bb315d00104a477c5eb3577e5e17d1b95da0c6f9a3bfa', 'student', 'user037@bkec.edu.vn', NULL),
  (38, 'user038', '$2b$10$c8fc7be3e77e07455b9f4826eaaa17c765d2c08b5d2b734bee70d', 'student', 'user038@bkec.edu.vn', NULL),
  (39, 'user039', '$2b$10$898bca544702b8023382dfdbff40c585d667d439f9ab5f3aa29ef', 'student', 'user039@bkec.edu.vn', NULL),
  (40, 'user040', '$2b$10$7b148fd607d9dbcc637e66d7b96510053574e1a1224b5353b0e3b', 'student', 'user040@bkec.edu.vn', NULL),
  (41, 'user041', '$2b$10$959544d8a9f415d58c31572789f82b342193dc6f34d0d974a9526', 'student', 'user041@bkec.edu.vn', NULL),
  (42, 'user042', '$2b$10$6f57109c9ddd4fe243946537f06e86d0b29108216ccd7d2a03ccb', 'student', 'user042@bkec.edu.vn', NULL),
  (43, 'user043', '$2b$10$16862a35fe0d3b003695a149d29e4ea33a05a2be8468ae400e4e4', 'student', 'user043@bkec.edu.vn', NULL),
  (44, 'user044', '$2b$10$ac03ee6521b81323c1598b95ff8f28c403e5b82595460386ef2ad', 'student', 'user044@bkec.edu.vn', NULL),
  (45, 'user045', '$2b$10$c68f0a3d473fba0205da113c3cc1774d40a79e920ff6557c7f0b6', 'student', 'user045@bkec.edu.vn', NULL),
  (46, 'user046', '$2b$10$73c2cc7d243f9265bcdb880f75e6fb95c972c87e3718bdbba2d6a', 'student', 'user046@bkec.edu.vn', NULL),
  (47, 'user047', '$2b$10$f276d0103a28284253db4b3919e571fd7e5fd67f335aa2ad6c461', 'student', 'user047@bkec.edu.vn', NULL),
  (48, 'user048', '$2b$10$bea85fdef7087d03b111bb24945324c08a29eb63ed0f43e58713c', 'student', 'user048@bkec.edu.vn', NULL),
  (49, 'user049', '$2b$10$532a50573dff10f5a31c1049abea47e417e3fc2cd363e1e3a98aa', 'student', 'user049@bkec.edu.vn', NULL),
  (50, 'user050', '$2b$10$dbe814fcc309232c6fe4022c99817a5af153a7c02163437ca8d7e', 'student', 'user050@bkec.edu.vn', NULL),
  (51, 'user051', '$2b$10$3cb2f308814d172257d59ee591a2ab56f20fa9ce26be3d01c24f6', 'student', 'user051@bkec.edu.vn', NULL),
  (52, 'user052', '$2b$10$7adcce76715458e51060f9aeb596910e652faabfeb753043ef6e9', 'student', 'user052@bkec.edu.vn', NULL),
  (53, 'user053', '$2b$10$c02837ae6e3c2854d1bfeaea06b1df5a50b3d645a0c9bc0eab749', 'student', 'user053@bkec.edu.vn', NULL),
  (54, 'user054', '$2b$10$6b27d981a815ad542f3044d035afdbd08e6a8e01a9e56c05a7748', 'student', 'user054@bkec.edu.vn', NULL),
  (55, 'user055', '$2b$10$d89955edcd4b9287849de47b5569963102382e3cb96a7fd86835c', 'student', 'user055@bkec.edu.vn', NULL),
  (56, 'user056', '$2b$10$80b954b738db46d4482dc1a25278786ecdfc79870d8115e512482', 'student', 'user056@bkec.edu.vn', NULL),
  (57, 'user057', '$2b$10$88cad79114ddf65b4bfc2945cb05604f82b52308379d54686e8d5', 'student', 'user057@bkec.edu.vn', NULL),
  (58, 'user058', '$2b$10$3f352d51c8fdf87faa093ae67a860b2bd3d85d3a3ccf1b4ec460c', 'student', 'user058@bkec.edu.vn', NULL),
  (59, 'user059', '$2b$10$ec83458cb22c57594d6d92c88e1f8c8eb4b584bdd77e699ec13d9', 'student', 'user059@bkec.edu.vn', NULL),
  (60, 'user060', '$2b$10$fa8e946845f57af104d755f83c2c4d8e0544ac3cd4fae423d868d', 'student', 'user060@bkec.edu.vn', NULL),
  (61, 'user061', '$2b$10$c8a93fa8aeb0d4765428e1e44fef92067c0cf311e387ef1fa2c85', 'teacher', 'user061@bkec.edu.vn', NULL),
  (62, 'user062', '$2b$10$080b354d7f9dead282004f1dc2a0da1e22a6f1cfeb51b22f3b558', 'teacher', 'user062@bkec.edu.vn', NULL),
  (63, 'user063', '$2b$10$97b952486ae34d572f889424b4468010c9a9b209ec2a15edbcb16', 'teacher', 'user063@bkec.edu.vn', NULL),
  (64, 'user064', '$2b$10$bfa1485c14b7ec7ab4af1914191d4d68506985c08c9a515417a71', 'teacher', 'user064@bkec.edu.vn', NULL),
  (65, 'user065', '$2b$10$aa69d0473b394b558e5b2add9fcb0672a1c88de1dedec86b275a2', 'teacher', 'user065@bkec.edu.vn', NULL),
  (66, 'user066', '$2b$10$57160d58360f300ea99c5859080cf43eaab204b9cef125bb77a08', 'teacher', 'user066@bkec.edu.vn', NULL),
  (67, 'user067', '$2b$10$795155c9bc0e146fb533a5896c52c5b04f8c6436ad948a049069c', 'teacher', 'user067@bkec.edu.vn', NULL),
  (68, 'user068', '$2b$10$fed64a20d8c3545bb94c127ae1838e02e4d4eb9f90cfd8a544665', 'teacher', 'user068@bkec.edu.vn', NULL),
  (69, 'user069', '$2b$10$63cb50c220be553d6e0b866bd379b897fb9b0f72a4ae3f3f19334', 'teacher', 'user069@bkec.edu.vn', NULL),
  (70, 'user070', '$2b$10$172f0fbc172a37cb124b0083b37de2f0df264a0f6e80efaad6aac', 'teacher', 'user070@bkec.edu.vn', NULL),
  (71, 'user071', '$2b$10$6e0d16c9883d1d7fd7bdf51b3143731821b18c3df1c4aa082f62f', 'teacher', 'user071@bkec.edu.vn', NULL),
  (72, 'user072', '$2b$10$d588ac4b91249cf9af55dbf0cff64827262c92814555e9b82526c', 'teacher', 'user072@bkec.edu.vn', NULL),
  (73, 'user073', '$2b$10$8d0ff0d03692617df6d5b6566060bc144e723b9236b12d0b3d204', 'teacher', 'user073@bkec.edu.vn', NULL),
  (74, 'user074', '$2b$10$e9f22237e35e141bbbdf74c092754454377e909a255f92c60939a', 'teacher', 'user074@bkec.edu.vn', NULL),
  (75, 'user075', '$2b$10$beddc8da6eaa9ac9759d9946a8d451adfd020f7fe6ebe8b9011f6', 'teacher', 'user075@bkec.edu.vn', NULL),
  (76, 'user076', '$2b$10$1c9c09f68611451ec2ced3aad8503a5ed67a51750e988fe010931', 'staff', 'user076@bkec.edu.vn', NULL),
  (77, 'user077', '$2b$10$acdfe3febe151a373c229ee91c7facbf4dec013c08100aca13f66', 'staff', 'user077@bkec.edu.vn', NULL),
  (78, 'user078', '$2b$10$54800e38f8b14b543782d2a0e440e2841335a7f51e3e31b6dc0b0', 'staff', 'user078@bkec.edu.vn', NULL),
  (79, 'user079', '$2b$10$b05697b4af874fc6af3d0cd2b702728cff30f805eca9c3f3718cd', 'staff', 'user079@bkec.edu.vn', NULL),
  (80, 'user080', '$2b$10$2c8faaa6f4f1dc79f4b72b64cef44e9f53da0f4c596b678a445f3', 'staff', 'user080@bkec.edu.vn', NULL),
  (81, 'user081', '$2b$10$866c33d5ef3f80d5bd82b98798d03fc9a1b8fb8bcb37d7680ebe9', 'staff', 'user081@bkec.edu.vn', NULL),
  (82, 'user082', '$2b$10$430de1ad6d3728deaa4944df3daa042772121cd59ef476b1adb06', 'staff', 'user082@bkec.edu.vn', NULL),
  (83, 'user083', '$2b$10$c3a270349d04a8df670ea7b30c82631e75ede600baebf9e4e99a1', 'staff', 'user083@bkec.edu.vn', NULL),
  (84, 'user084', '$2b$10$cd965149dce2651ace808c237c68a6657b37c849afd4ecc529030', 'staff', 'user084@bkec.edu.vn', NULL),
  (85, 'user085', '$2b$10$d21b863e608c506162d6752d7f604ae5c8907148d4c349353c4d6', 'staff', 'user085@bkec.edu.vn', NULL),
  (86, 'user086', '$2b$10$dbbdc66b8c9a79b9eed2d866008b2189636183229bf7385bdafd0', 'staff', 'user086@bkec.edu.vn', NULL),
  (87, 'user087', '$2b$10$5ab5563dfa1ba638abf814ccf8a5624cf43f44871012f23aaeeff', 'staff', 'user087@bkec.edu.vn', NULL),
  (88, 'user088', '$2b$10$06e0ee9227f9e2b87a5dc7e886b9e74b626bcfcbba4bcc49fbbef', 'staff', 'user088@bkec.edu.vn', NULL),
  (89, 'user089', '$2b$10$ae59ea436e1a84af0c0943b40540e08044f9ccd9d856300fe0dc4', 'staff', 'user089@bkec.edu.vn', NULL),
  (90, 'user090', '$2b$10$c8653577f0b7598d8e64462e3f24a95fe26d7f54493bbec2ba4f0', 'staff', 'user090@bkec.edu.vn', NULL),
  (91, 'user091', '$2b$10$5ef078c3d8c4ffd3acb65d32e4bdd811d8167d56b873666fc48fc', 'admin', 'user091@bkec.edu.vn', NULL),
  (92, 'user092', '$2b$10$0f98a0eef69782ad836e2a3716b5a2b0d679ff6987242ddb8bcc9', 'admin', 'user092@bkec.edu.vn', NULL),
  (93, 'user093', '$2b$10$a532078d516d26451797bec9688838163088ea03782283a05d31c', 'admin', 'user093@bkec.edu.vn', NULL),
  (94, 'user094', '$2b$10$82cbb5f078a657a998dba67919705e4c9ef1a44476765c544cac7', 'admin', 'user094@bkec.edu.vn', NULL),
  (95, 'user095', '$2b$10$2862e2a54023b70d9a252ccc2212dbc41ceb2407c2b66b848173a', 'admin', 'user095@bkec.edu.vn', NULL),
  (96, 'user096', '$2b$10$5113a799eaf33cf025574696de6c05e09d7923c9f3082ad3331bc', 'admin', 'user096@bkec.edu.vn', NULL),
  (97, 'user097', '$2b$10$8aa509dd19b9ca8acefc7dfc787817bb78934c2ada407008dd302', 'admin', 'user097@bkec.edu.vn', NULL),
  (98, 'user098', '$2b$10$96744422361cfd140abf07c8f39afeb8b7c91998be2814ab06e84', 'admin', 'user098@bkec.edu.vn', NULL),
  (99, 'user099', '$2b$10$f9398f1ed74b7f6d17bc68d2332228819c0afc9663c72f43b1e84', 'admin', 'user099@bkec.edu.vn', NULL),
  (100, 'user100', '$2b$10$4a8f0735dd8829f0390651339cb9368a76cc71e50918b0166a839', 'admin', 'user100@bkec.edu.vn', NULL);

-- ── Students (60 rows) ──────────────────────────────────
INSERT INTO Students (id, name, sex, dateofbirth, phone, address) VALUES
  (1, N'Phan Lâm', 'Male', '1997-11-04', '0784801845', N'123 Lê Lợi, Hà Nội'),
  (2, N'Hoàng Thịnh', 'Male', '2004-10-17', '0760482814', N'123 Phan Đình Phùng, Đà Nẵng'),
  (3, N'Đặng Châu', 'Female', '2003-11-18', '0975288095', N'123 Lý Thường Kiệt, Hà Nội'),
  (4, N'Nguyễn Tuấn', 'Male', '2000-03-14', '0353039117', N'123 Nguyễn Huệ, Đà Nẵng'),
  (5, N'Ngô Khánh', 'Male', '2005-07-09', '0977824896', N'123 Trần Phú, Hà Nội'),
  (6, N'Lý Khánh', 'Male', '2003-10-31', '0356578713', N'123 Trần Phú, TP.HCM'),
  (7, N'Trần Đức', 'Male', '2007-11-14', '0793930103', N'123 Nguyễn Huệ, Đà Nẵng'),
  (8, N'Lý Hùng', 'Male', '2000-12-06', '0938347382', N'123 Nguyễn Trãi, Đà Nẵng'),
  (9, N'Lý Nhi', 'Female', '1997-09-27', '0337631165', N'123 Đinh Tiên Hoàng, TP.HCM'),
  (10, N'Phan Việt', 'Male', '2007-02-16', '0960651333', N'123 Lý Thường Kiệt, Đà Nẵng'),
  (11, N'Vũ Dũng', 'Male', '1998-11-17', '0984731781', N'123 Nguyễn Huệ, TP.HCM'),
  (12, N'Đỗ Khánh', 'Male', '2008-01-05', '0933267736', N'123 Nguyễn Huệ, TP.HCM'),
  (13, N'Lê Quân', 'Male', '2008-04-17', '0394746872', N'123 Trần Phú, Hà Nội'),
  (14, N'Hoàng Long', 'Male', '2007-01-11', '0790500978', N'123 Lý Thường Kiệt, TP.HCM'),
  (15, N'Lê Hùng', 'Male', '1996-12-13', '0932191361', N'123 Phan Đình Phùng, Hà Nội'),
  (16, N'Phạm Trung', 'Male', '2007-06-14', '0936998543', N'123 Nguyễn Trãi, Hà Nội'),
  (17, N'Hồ Bích', 'Female', '2002-12-27', '0346247510', N'123 Đinh Tiên Hoàng, Đà Nẵng'),
  (18, N'Bùi Trung', 'Male', '2006-02-05', '0938384251', N'123 Trần Phú, TP.HCM'),
  (19, N'Huỳnh Anh', 'Female', '2004-10-20', '0768498084', N'123 Nguyễn Trãi, Hà Nội'),
  (20, N'Trần Phương', 'Female', '2002-05-30', '0961824493', N'123 Nguyễn Trãi, TP.HCM'),
  (21, N'Huỳnh Long', 'Male', '2002-06-03', '0787401640', N'123 Nguyễn Huệ, Hà Nội'),
  (22, N'Huỳnh Dũng', 'Male', '2002-06-20', '0987868011', N'123 Nguyễn Trãi, TP.HCM'),
  (23, N'Lý Phương', 'Female', '2007-07-14', '0389826204', N'123 Hai Bà Trưng, Đà Nẵng'),
  (24, N'Lý Hoa', 'Female', '2000-04-25', '0323158692', N'123 Trần Phú, TP.HCM'),
  (25, N'Dương Hương', 'Female', '2004-05-15', '0700256342', N'123 Nguyễn Trãi, TP.HCM'),
  (26, N'Trần Quân', 'Male', '2007-06-22', '0773375433', N'123 Nguyễn Huệ, Hà Nội'),
  (27, N'Đỗ Long', 'Male', '1999-05-28', '0364145868', N'123 Hai Bà Trưng, TP.HCM'),
  (28, N'Nguyễn Linh', 'Female', '2002-06-26', '0989401965', N'123 Nguyễn Trãi, Đà Nẵng'),
  (29, N'Ngô Đức', 'Male', '1998-07-22', '0781693406', N'123 Nguyễn Huệ, Hà Nội'),
  (30, N'Đặng Khánh', 'Male', '2003-12-03', '0386159514', N'123 Lý Thường Kiệt, TP.HCM'),
  (31, N'Hoàng Giang', 'Female', '2001-01-09', '0394823662', N'123 Phan Đình Phùng, TP.HCM'),
  (32, N'Bùi Cường', 'Male', '1999-03-27', '0790443699', N'123 Phan Đình Phùng, Đà Nẵng'),
  (33, N'Huỳnh Hà', 'Female', '1998-06-07', '0763872148', N'123 Nguyễn Trãi, Hà Nội'),
  (34, N'Đỗ Châu', 'Female', '2000-10-28', '0933433200', N'123 Trần Phú, TP.HCM'),
  (35, N'Vũ Châu', 'Female', '2006-09-16', '0766936763', N'123 Lê Lợi, TP.HCM'),
  (36, N'Đỗ Nam', 'Male', '2005-12-13', '0703287083', N'123 Lê Lợi, Hà Nội'),
  (37, N'Vũ Phương', 'Female', '1997-12-02', '0788957986', N'123 Lý Thường Kiệt, Đà Nẵng'),
  (38, N'Vũ Khoa', 'Male', '1997-09-11', '0764348734', N'123 Đinh Tiên Hoàng, Đà Nẵng'),
  (39, N'Trần Anh', 'Female', '2003-01-31', '0345581223', N'123 Đinh Tiên Hoàng, Hà Nội'),
  (40, N'Hồ Dũng', 'Male', '2003-07-18', '0936658760', N'123 Trần Phú, Hà Nội'),
  (41, N'Dương Giang', 'Female', '1999-08-10', '0909670546', N'123 Đinh Tiên Hoàng, TP.HCM'),
  (42, N'Đặng Vy', 'Female', '2003-05-25', '0773467065', N'123 Nguyễn Trãi, Hà Nội'),
  (43, N'Đỗ Quân', 'Male', '2004-08-21', '0762980699', N'123 Nguyễn Trãi, Hà Nội'),
  (44, N'Nguyễn Minh', 'Male', '1998-09-23', '0977204653', N'123 Đinh Tiên Hoàng, Đà Nẵng'),
  (45, N'Huỳnh Đức', 'Male', '1999-11-03', '0346417080', N'123 Hai Bà Trưng, Đà Nẵng'),
  (46, N'Phạm Minh', 'Male', '2007-06-10', '0903309232', N'123 Lý Thường Kiệt, Hà Nội'),
  (47, N'Đỗ Linh', 'Female', '2003-06-15', '0764529912', N'123 Hai Bà Trưng, Hà Nội'),
  (48, N'Trần Trung', 'Male', '2007-10-07', '0359663193', N'123 Lê Lợi, Hà Nội'),
  (49, N'Hồ Cường', 'Male', '2005-08-17', '0915865185', N'123 Nguyễn Huệ, Hà Nội'),
  (50, N'Dương Thịnh', 'Male', '1997-05-07', '0966572628', N'123 Phan Đình Phùng, Đà Nẵng'),
  (51, N'Hoàng Châu', 'Female', '1997-07-01', '0766945314', N'123 Đinh Tiên Hoàng, Đà Nẵng'),
  (52, N'Phạm Hà', 'Female', '1999-11-04', '0360752735', N'123 Trần Phú, Đà Nẵng'),
  (53, N'Huỳnh Ngọc', 'Female', '2002-02-22', '0790831367', N'123 Lý Thường Kiệt, Đà Nẵng'),
  (54, N'Ngô Trang', 'Female', '1997-08-30', '0777014363', N'123 Hai Bà Trưng, Hà Nội'),
  (55, N'Đỗ Trung', 'Male', '2000-01-24', '0778856855', N'123 Nguyễn Trãi, TP.HCM'),
  (56, N'Vũ Ngọc', 'Female', '2001-06-19', '0343135182', N'123 Trần Phú, Hà Nội'),
  (57, N'Phạm Thảo', 'Female', '2002-02-20', '0789413435', N'123 Lê Lợi, Đà Nẵng'),
  (58, N'Hoàng Nam', 'Male', '1996-05-12', '0974008427', N'123 Lê Lợi, Hà Nội'),
  (59, N'Dương Lan', 'Female', '2001-12-18', '0777752047', N'123 Lê Lợi, Hà Nội'),
  (60, N'Dương Minh', 'Male', '1999-05-10', '0771902294', N'123 Nguyễn Huệ, Đà Nẵng');

-- ── Teachers (15 rows) ──────────────────────────────────
INSERT INTO Teachers (id, name, sex, dateofbirth, phone, address) VALUES
  (61, N'Phạm Tuấn', 'Male', '1988-10-30', '0709993867', N'123 Đinh Tiên Hoàng, Đà Nẵng'),
  (62, N'Hoàng Trung', 'Male', '1991-09-24', '0359909133', N'123 Trần Phú, Đà Nẵng'),
  (63, N'Đỗ Minh', 'Male', '1997-10-28', '0332812067', N'123 Nguyễn Trãi, TP.HCM'),
  (64, N'Bùi Thảo', 'Female', '1994-10-25', '0913447134', N'123 Phan Đình Phùng, Đà Nẵng'),
  (65, N'Bùi Thu', 'Female', '1991-10-24', '0968324210', N'123 Lê Lợi, Đà Nẵng'),
  (66, N'Ngô Anh', 'Female', '1988-01-01', '0357174648', N'123 Lý Thường Kiệt, Đà Nẵng'),
  (67, N'Vũ Việt', 'Male', '1999-07-18', '0916594013', N'123 Nguyễn Trãi, Hà Nội'),
  (68, N'Dương Nhi', 'Female', '1988-03-06', '0904902787', N'123 Trần Phú, Đà Nẵng'),
  (69, N'Lê Trung', 'Male', '1991-07-28', '0771756551', N'123 Lê Lợi, Đà Nẵng'),
  (70, N'Huỳnh Thịnh', 'Male', '1985-10-15', '0774680715', N'123 Trần Phú, Đà Nẵng'),
  (71, N'Huỳnh Tuấn', 'Male', '1984-01-08', '0398087603', N'123 Lý Thường Kiệt, TP.HCM'),
  (72, N'Huỳnh Châu', 'Female', '1984-05-19', '0777034824', N'123 Đinh Tiên Hoàng, Đà Nẵng'),
  (73, N'Lý Thảo', 'Female', '1998-08-16', '0909324808', N'123 Đinh Tiên Hoàng, TP.HCM'),
  (74, N'Trần Trang', 'Female', '1982-06-23', '0967127484', N'123 Đinh Tiên Hoàng, TP.HCM'),
  (75, N'Dương Hải', 'Male', '1990-10-03', '0337826398', N'123 Nguyễn Trãi, Đà Nẵng');

-- ── Staff (15 rows) ────────────────────────────────────
INSERT INTO Staff (id, name, sex, dateofbirth, phone, address) VALUES
  (76, N'Lý Dũng', 'Male', '2002-10-12', '0346584044', N'123 Phan Đình Phùng, Hà Nội'),
  (77, N'Bùi Thảo', 'Female', '2001-01-04', '0768755886', N'123 Đinh Tiên Hoàng, Đà Nẵng'),
  (78, N'Lý Đức', 'Male', '2000-02-11', '0339636057', N'123 Nguyễn Trãi, TP.HCM'),
  (79, N'Lý Diệu', 'Female', '1995-09-08', '0977028951', N'123 Đinh Tiên Hoàng, Đà Nẵng'),
  (80, N'Trần Yến', 'Female', '1994-02-04', '0902621745', N'123 Phan Đình Phùng, TP.HCM'),
  (81, N'Hồ Diệu', 'Female', '1989-10-08', '0935865780', N'123 Phan Đình Phùng, TP.HCM'),
  (82, N'Trần Phúc', 'Male', '1990-03-10', '0353161172', N'123 Nguyễn Trãi, TP.HCM'),
  (83, N'Hoàng Lan', 'Female', '2003-04-25', '0360455623', N'123 Lý Thường Kiệt, TP.HCM'),
  (84, N'Phan Trung', 'Male', '1989-01-19', '0982219693', N'123 Lý Thường Kiệt, Hà Nội'),
  (85, N'Lý Trung', 'Male', '2001-02-18', '0337474074', N'123 Nguyễn Trãi, Hà Nội'),
  (86, N'Đặng Hương', 'Female', '2002-09-08', '0765946474', N'123 Trần Phú, Hà Nội'),
  (87, N'Phan Thảo', 'Female', '2001-12-14', '0336959440', N'123 Nguyễn Trãi, Hà Nội'),
  (88, N'Phan Ngọc', 'Female', '2004-02-29', '0919743953', N'123 Phan Đình Phùng, Đà Nẵng'),
  (89, N'Phạm Châu', 'Female', '1998-09-21', '0971047095', N'123 Nguyễn Trãi, Đà Nẵng'),
  (90, N'Lê Minh', 'Male', '1997-09-22', '0366232858', N'123 Lý Thường Kiệt, TP.HCM');

-- ── Admin (10 rows) ────────────────────────────────────
INSERT INTO Admin (id, name, sex, dateofbirth, phone, address) VALUES
  (91, N'Lý Bình', 'Male', '1979-09-21', '0984745171', N'123 Lê Lợi, TP.HCM'),
  (92, N'Ngô Trang', 'Female', '1979-01-21', '0398516048', N'123 Lê Lợi, Hà Nội'),
  (93, N'Vũ Hiếu', 'Male', '1983-04-05', '0349651370', N'123 Phan Đình Phùng, TP.HCM'),
  (94, N'Lý Khánh', 'Male', '1990-12-28', '0331746120', N'123 Nguyễn Huệ, TP.HCM'),
  (95, N'Hoàng Hải', 'Male', '1995-09-29', '0963826758', N'123 Đinh Tiên Hoàng, TP.HCM'),
  (96, N'Bùi Dũng', 'Male', '1978-06-28', '0701796405', N'123 Trần Phú, Hà Nội'),
  (97, N'Vũ Việt', 'Male', '1977-01-11', '0335158506', N'123 Trần Phú, Đà Nẵng'),
  (98, N'Phạm Linh', 'Female', '1977-01-23', '0761390053', N'123 Lê Lợi, TP.HCM'),
  (99, N'Ngô Trung', 'Male', '1993-09-29', '0938393352', N'123 Phan Đình Phùng, TP.HCM'),
  (100, N'Nguyễn Ngọc', 'Female', '1979-02-04', '0972842102', N'123 Nguyễn Huệ, Hà Nội');

-- ── Courses (10 rows) ──────────────────────────────────
INSERT INTO Courses (id, name, intro, img, imgintro, short, description, paidStudent, prizeStudent, paidTeacher, prizeTeacher, maxAttendDate) VALUES
  (1, N'TOEIC 4 Skills Beginner', N'Khóa học TOEIC 4 Skills Beginner tại BK English Center', 'img/course1.jpg', 'img/intro1.jpg', N'Chương trình TOEIC 4 Skills Beginner chất lượng cao', N'Khóa học TOEIC 4 Skills Beginner được thiết kế bởi đội ngũ giảng viên chuyên nghiệp tại BK English Center', 500000, 1000000, 800000, 1500000, 20),
  (2, N'TOEIC 4 Skills Intermediate', N'Khóa học TOEIC 4 Skills Intermediate tại BK English Center', 'img/course2.jpg', 'img/intro2.jpg', N'Chương trình TOEIC 4 Skills Intermediate chất lượng cao', N'Khóa học TOEIC 4 Skills Intermediate được thiết kế bởi đội ngũ giảng viên chuyên nghiệp tại BK English Center', 700000, 1500000, 1000000, 2000000, 24),
  (3, N'TOEIC 4 Skills Advanced', N'Khóa học TOEIC 4 Skills Advanced tại BK English Center', 'img/course3.jpg', 'img/intro3.jpg', N'Chương trình TOEIC 4 Skills Advanced chất lượng cao', N'Khóa học TOEIC 4 Skills Advanced được thiết kế bởi đội ngũ giảng viên chuyên nghiệp tại BK English Center', 900000, 2000000, 1200000, 2500000, 28),
  (4, N'IELTS Foundation', N'Khóa học IELTS Foundation tại BK English Center', 'img/course4.jpg', 'img/intro4.jpg', N'Chương trình IELTS Foundation chất lượng cao', N'Khóa học IELTS Foundation được thiết kế bởi đội ngũ giảng viên chuyên nghiệp tại BK English Center', 600000, 1200000, 900000, 1800000, 24),
  (5, N'IELTS Academic', N'Khóa học IELTS Academic tại BK English Center', 'img/course5.jpg', 'img/intro5.jpg', N'Chương trình IELTS Academic chất lượng cao', N'Khóa học IELTS Academic được thiết kế bởi đội ngũ giảng viên chuyên nghiệp tại BK English Center', 900000, 2000000, 1200000, 2500000, 30),
  (6, N'English Communication A1', N'Khóa học English Communication A1 tại BK English Center', 'img/course6.jpg', 'img/intro6.jpg', N'Chương trình English Communication A1 chất lượng cao', N'Khóa học English Communication A1 được thiết kế bởi đội ngũ giảng viên chuyên nghiệp tại BK English Center', 300000, 600000, 500000, 1000000, 16),
  (7, N'English Communication B1', N'Khóa học English Communication B1 tại BK English Center', 'img/course7.jpg', 'img/intro7.jpg', N'Chương trình English Communication B1 chất lượng cao', N'Khóa học English Communication B1 được thiết kế bởi đội ngũ giảng viên chuyên nghiệp tại BK English Center', 500000, 1000000, 700000, 1400000, 20),
  (8, N'Business English', N'Khóa học Business English tại BK English Center', 'img/course8.jpg', 'img/intro8.jpg', N'Chương trình Business English chất lượng cao', N'Khóa học Business English được thiết kế bởi đội ngũ giảng viên chuyên nghiệp tại BK English Center', 700000, 1500000, 1000000, 2000000, 24),
  (9, N'Kids English Level 1', N'Khóa học Kids English Level 1 tại BK English Center', 'img/course9.jpg', 'img/intro9.jpg', N'Chương trình Kids English Level 1 chất lượng cao', N'Khóa học Kids English Level 1 được thiết kế bởi đội ngũ giảng viên chuyên nghiệp tại BK English Center', 400000, 800000, 600000, 1200000, 20),
  (10, N'Kids English Level 2', N'Khóa học Kids English Level 2 tại BK English Center', 'img/course10.jpg', 'img/intro10.jpg', N'Chương trình Kids English Level 2 chất lượng cao', N'Khóa học Kids English Level 2 được thiết kế bởi đội ngũ giảng viên chuyên nghiệp tại BK English Center', 500000, 1000000, 800000, 1600000, 24);

-- ── Classes (20 rows) ──────────────────────────────────
INSERT INTO Classes (id, idCourse, name, startDate, endDate, schedule, maxStudent, address) VALUES
  (1, 1, N'Lớp TOEIC 4 Skills Beginner K1', '2024-04-19', '2024-07-08', 'Mon-Wed-Fri 18:00-20:00', 23, N'123 Lê Lợi, Đà Nẵng'),
  (2, 1, N'Lớp TOEIC 4 Skills Beginner K2', '2023-03-14', '2023-06-15', 'Mon-Wed-Fri 18:00-20:00', 17, N'123 Nguyễn Trãi, Đà Nẵng'),
  (3, 2, N'Lớp TOEIC 4 Skills Intermediate K1', '2024-08-12', '2024-11-12', 'Tue-Thu 19:00-21:00', 29, N'123 Lê Lợi, Hà Nội'),
  (4, 2, N'Lớp TOEIC 4 Skills Intermediate K2', '2023-10-02', '2024-01-16', 'Sat 13:00-17:00', 24, N'123 Lý Thường Kiệt, TP.HCM'),
  (5, 3, N'Lớp TOEIC 4 Skills Advanced K1', '2024-01-02', '2024-04-01', 'Mon-Wed-Fri 08:00-10:00', 18, N'123 Đinh Tiên Hoàng, TP.HCM'),
  (6, 3, N'Lớp TOEIC 4 Skills Advanced K2', '2024-08-03', '2024-11-28', 'Mon-Wed-Fri 18:00-20:00', 19, N'123 Hai Bà Trưng, TP.HCM'),
  (7, 4, N'Lớp IELTS Foundation K1', '2023-03-09', '2023-06-16', 'Sat 13:00-17:00', 25, N'123 Phan Đình Phùng, Hà Nội'),
  (8, 4, N'Lớp IELTS Foundation K2', '2024-10-17', '2025-01-03', 'Mon-Wed-Fri 08:00-10:00', 28, N'123 Lý Thường Kiệt, TP.HCM'),
  (9, 5, N'Lớp IELTS Academic K1', '2023-02-18', '2023-06-04', 'Tue-Thu-Sat 18:00-20:00', 29, N'123 Đinh Tiên Hoàng, TP.HCM'),
  (10, 5, N'Lớp IELTS Academic K2', '2023-07-11', '2023-10-31', 'Mon-Wed-Fri 08:00-10:00', 28, N'123 Đinh Tiên Hoàng, Hà Nội'),
  (11, 6, N'Lớp English Communication A1 K1', '2023-06-14', '2023-09-02', 'Sat 13:00-17:00', 26, N'123 Trần Phú, Đà Nẵng'),
  (12, 6, N'Lớp English Communication A1 K2', '2023-08-03', '2023-10-07', 'Mon-Wed-Fri 18:00-20:00', 28, N'123 Nguyễn Huệ, Đà Nẵng'),
  (13, 7, N'Lớp English Communication B1 K1', '2023-06-05', '2023-09-08', 'Mon-Wed-Fri 18:00-20:00', 25, N'123 Phan Đình Phùng, Hà Nội'),
  (14, 7, N'Lớp English Communication B1 K2', '2023-07-12', '2023-11-04', 'Sat 13:00-17:00', 16, N'123 Đinh Tiên Hoàng, TP.HCM'),
  (15, 8, N'Lớp Business English K1', '2024-10-10', '2024-12-31', 'Mon-Wed-Fri 18:00-20:00', 21, N'123 Phan Đình Phùng, Hà Nội'),
  (16, 8, N'Lớp Business English K2', '2023-08-08', '2023-11-30', 'Mon-Wed-Fri 18:00-20:00', 26, N'123 Hai Bà Trưng, Đà Nẵng'),
  (17, 9, N'Lớp Kids English Level 1 K1', '2023-05-19', '2023-08-01', 'Mon-Wed-Fri 08:00-10:00', 15, N'123 Lý Thường Kiệt, Đà Nẵng'),
  (18, 9, N'Lớp Kids English Level 1 K2', '2024-01-06', '2024-03-23', 'Sat 13:00-17:00', 25, N'123 Hai Bà Trưng, Hà Nội'),
  (19, 10, N'Lớp Kids English Level 2 K1', '2024-01-06', '2024-04-30', 'Tue-Thu-Sat 18:00-20:00', 27, N'123 Phan Đình Phùng, Hà Nội'),
  (20, 10, N'Lớp Kids English Level 2 K2', '2023-03-01', '2023-05-05', 'Sat 13:00-17:00', 21, N'123 Lý Thường Kiệt, TP.HCM');

-- ── StudentJoinClass (100 rows) ────────────────────────
INSERT INTO StudentJoinClass (id, idStudent, idClass, attendDate, listening, writing, speaking, reading, status, paidStatus, prizeStatus) VALUES
  (1, 1, 14, 15, 180, 289, 259, 469, 1, 0, 0),
  (2, 1, 15, 6, 179, 180, 486, 416, 0, 0, 0),
  (3, 2, 15, 20, 410, 326, 312, 239, 0, 0, 0),
  (4, 2, 14, 16, 320, 156, 245, 447, 2, 1, 0),
  (5, 3, 10, 17, 406, 128, 103, 204, 1, 0, 0),
  (6, 3, 2, 9, 491, 230, 248, 267, 0, 0, 0),
  (7, 3, 8, 20, 482, 320, 189, 166, 1, 0, 0),
  (8, 4, 18, 17, 479, 121, 323, 109, 1, 0, 0),
  (9, 4, 12, 15, 394, 319, 393, 307, 2, 1, 0),
  (10, 4, 3, 14, 158, 307, 110, 266, 0, 1, 0),
  (11, 5, 12, 8, 224, 323, 401, 305, 2, 0, 0),
  (12, 5, 3, 17, 258, 481, 273, 213, 1, 0, 0),
  (13, 5, 14, 7, 361, 424, 158, 371, 2, 0, 0),
  (14, 6, 12, 12, 152, 174, 231, 201, 0, 0, 0),
  (15, 6, 5, 25, 138, 190, 495, 421, 1, 1, 0),
  (16, 7, 19, 25, 261, 177, 325, 134, 1, 1, 0),
  (17, 7, 15, 25, 255, 240, 402, 128, 1, 0, 0),
  (18, 7, 11, 14, 336, 331, 119, 129, 1, 1, 0),
  (19, 8, 3, 24, 404, 359, 296, 336, 2, 0, 0),
  (20, 9, 19, 15, 409, 343, 356, 177, 0, 1, 0),
  (21, 9, 7, 8, 275, 465, 143, 358, 2, 0, 0),
  (22, 10, 8, 27, 324, 324, 368, 367, 2, 0, 0),
  (23, 11, 12, 17, 309, 273, 447, 406, 0, 1, 0),
  (24, 11, 10, 7, 268, 148, 385, 447, 1, 1, 0),
  (25, 12, 20, 15, 141, 398, 439, 172, 1, 1, 0),
  (26, 12, 5, 25, 457, 439, 300, 166, 2, 0, 0),
  (27, 13, 18, 25, 268, 165, 443, 459, 2, 0, 0),
  (28, 13, 13, 25, 443, 316, 360, 285, 0, 1, 0),
  (29, 14, 6, 15, 492, 348, 198, 215, 0, 0, 0),
  (30, 14, 7, 7, 251, 151, 359, 494, 2, 0, 0),
  (31, 15, 11, 9, 183, 192, 454, 494, 2, 0, 0),
  (32, 15, 5, 28, 324, 122, 310, 286, 2, 0, 0),
  (33, 15, 13, 19, 412, 245, 485, 483, 1, 0, 0),
  (34, 16, 8, 11, 288, 447, 392, 325, 1, 1, 0),
  (35, 16, 10, 17, 357, 370, 314, 182, 0, 0, 0),
  (36, 16, 16, 13, 126, 428, 346, 290, 2, 0, 0),
  (37, 17, 17, 7, 490, 182, 239, 330, 2, 0, 0),
  (38, 17, 4, 18, 146, 213, 330, 278, 0, 1, 0),
  (39, 17, 10, 6, 302, 357, 291, 220, 1, 0, 0),
  (40, 18, 8, 15, 150, 465, 432, 271, 0, 0, 0),
  (41, 18, 1, 6, 246, 341, 456, 171, 2, 1, 0),
  (42, 19, 20, 7, 109, 231, 210, 176, 2, 1, 0),
  (43, 19, 1, 8, 247, 221, 254, 162, 0, 0, 0),
  (44, 20, 20, 7, 156, 355, 405, 374, 0, 0, 0),
  (45, 20, 15, 27, 173, 249, 319, 100, 2, 1, 0),
  (46, 21, 19, 18, 195, 440, 442, 143, 2, 1, 0),
  (47, 22, 17, 22, 359, 359, 383, 110, 1, 1, 0),
  (48, 23, 13, 16, 229, 482, 108, 282, 0, 1, 0),
  (49, 24, 4, 23, 476, 487, 270, 168, 0, 1, 0),
  (50, 25, 11, 27, 345, 423, 193, 169, 0, 1, 0),
  (51, 25, 6, 6, 250, 203, 122, 202, 0, 1, 0),
  (52, 25, 15, 14, 363, 303, 378, 342, 1, 0, 0),
  (53, 26, 7, 6, 435, 269, 239, 163, 1, 1, 0),
  (54, 26, 10, 17, 480, 325, 297, 273, 0, 1, 0),
  (55, 26, 12, 27, 354, 288, 365, 236, 0, 1, 0),
  (56, 27, 14, 24, 192, 379, 250, 264, 0, 0, 0),
  (57, 28, 10, 19, 408, 467, 318, 185, 2, 1, 0),
  (58, 28, 20, 16, 328, 121, 472, 280, 2, 1, 0),
  (59, 29, 2, 26, 426, 307, 286, 362, 2, 0, 0),
  (60, 29, 3, 5, 173, 411, 447, 324, 0, 0, 0),
  (61, 30, 8, 25, 287, 285, 296, 390, 0, 0, 0),
  (62, 31, 15, 19, 490, 139, 393, 170, 2, 1, 0),
  (63, 31, 12, 17, 260, 432, 242, 227, 0, 0, 0),
  (64, 31, 19, 28, 195, 355, 365, 298, 2, 0, 0),
  (65, 32, 9, 11, 413, 246, 455, 351, 0, 0, 0),
  (66, 32, 15, 9, 137, 331, 188, 465, 1, 0, 0),
  (67, 33, 11, 22, 377, 248, 253, 180, 2, 0, 0),
  (68, 33, 12, 16, 360, 214, 162, 202, 0, 0, 0),
  (69, 33, 3, 20, 113, 284, 383, 393, 1, 1, 0),
  (70, 34, 5, 14, 303, 467, 468, 345, 2, 1, 0),
  (71, 34, 3, 18, 394, 137, 164, 262, 2, 0, 0),
  (72, 34, 19, 19, 338, 448, 364, 276, 0, 0, 0),
  (73, 35, 14, 21, 128, 163, 365, 178, 1, 0, 0),
  (74, 36, 11, 27, 215, 277, 365, 245, 0, 1, 0),
  (75, 37, 18, 13, 164, 420, 255, 414, 2, 0, 0),
  (76, 38, 6, 10, 437, 419, 468, 409, 1, 0, 0),
  (77, 38, 19, 5, 141, 123, 428, 494, 2, 1, 0),
  (78, 38, 5, 25, 207, 492, 392, 313, 2, 0, 0),
  (79, 39, 18, 25, 254, 347, 225, 450, 1, 1, 0),
  (80, 39, 10, 19, 137, 452, 130, 180, 1, 1, 0),
  (81, 40, 15, 15, 410, 173, 260, 467, 1, 1, 0),
  (82, 40, 7, 17, 166, 489, 289, 363, 2, 0, 0),
  (83, 41, 8, 8, 236, 330, 226, 172, 0, 0, 0),
  (84, 41, 15, 14, 296, 415, 314, 227, 0, 1, 0),
  (85, 42, 11, 20, 363, 339, 355, 257, 1, 0, 0),
  (86, 42, 7, 7, 301, 358, 334, 223, 0, 1, 0),
  (87, 42, 6, 6, 125, 244, 353, 405, 2, 1, 0),
  (88, 43, 18, 8, 320, 168, 235, 472, 1, 1, 0),
  (89, 43, 1, 16, 123, 305, 126, 391, 2, 0, 0),
  (90, 44, 18, 7, 297, 358, 330, 491, 2, 1, 0),
  (91, 44, 10, 24, 448, 412, 160, 165, 0, 1, 0),
  (92, 45, 11, 16, 486, 173, 201, 408, 2, 1, 0),
  (93, 45, 18, 21, 120, 123, 119, 170, 2, 1, 0),
  (94, 46, 17, 9, 410, 363, 171, 267, 2, 1, 0),
  (95, 46, 15, 10, 301, 415, 478, 253, 2, 1, 0),
  (96, 47, 17, 27, 388, 253, 343, 108, 1, 1, 0),
  (97, 47, 18, 26, 156, 313, 398, 257, 2, 0, 0),
  (98, 47, 16, 24, 342, 235, 435, 396, 2, 0, 0),
  (99, 48, 2, 10, 368, 422, 469, 417, 1, 0, 0),
  (100, 48, 19, 26, 224, 116, 393, 458, 0, 0, 0);

-- ── TeacherJoinClass (30 rows) ─────────────────────────
INSERT INTO TeacherJoinClass (id, idTeacher, idClass, attendDate, rating, status, paidStatus, prizeStatus) VALUES
  (1, 68, 1, 20, 4, 0, 1, 0),
  (2, 67, 2, 26, 5, 1, 0, 0),
  (3, 69, 3, 16, 5, 1, 1, 1),
  (4, 66, 4, 24, 5, 1, 1, 1),
  (5, 63, 4, 18, 5, 1, 0, 0),
  (6, 65, 5, 27, 4, 0, 1, 0),
  (7, 72, 6, 25, 4, 1, 1, 0),
  (8, 64, 6, 27, 5, 1, 1, 1),
  (9, 70, 7, 27, 4, 1, 1, 0),
  (10, 65, 8, 11, 4, 0, 1, 0),
  (11, 71, 9, 25, 3, 0, 1, 0),
  (12, 65, 9, 27, 5, 1, 0, 0),
  (13, 70, 10, 28, 3, 0, 0, 0),
  (14, 71, 11, 17, 3, 0, 1, 0),
  (15, 72, 12, 13, 5, 0, 0, 0),
  (16, 68, 12, 27, 3, 1, 1, 0),
  (17, 71, 13, 19, 4, 1, 0, 0),
  (18, 64, 13, 12, 5, 0, 0, 0),
  (19, 67, 14, 15, 3, 1, 1, 0),
  (20, 75, 15, 19, 3, 0, 1, 0),
  (21, 75, 16, 20, 4, 1, 1, 0),
  (22, 74, 17, 26, 4, 1, 0, 0),
  (23, 66, 18, 15, 5, 1, 1, 1),
  (24, 61, 19, 20, 4, 0, 0, 0),
  (25, 74, 20, 26, 4, 0, 1, 0),
  (26, 67, 20, 13, 3, 0, 1, 0);

-- ── ManageStaff (180 rows — 12 months × 15 staff) ─────
INSERT INTO ManageStaff (idStaff, month, year, attendDate, rate, paid, paidStatus, prize, prizeStatus) VALUES
  (76, 1, 2024, 23, 38128, 876944, 0, 0, 0),
  (76, 2, 2024, 22, 42568, 936496, 0, 0, 0),
  (76, 3, 2024, 25, 38748, 968700, 1, 158306, 1),
  (76, 4, 2024, 18, 38570, 694260, 1, 363210, 1),
  (76, 5, 2024, 21, 32035, 672735, 0, 0, 0),
  (76, 6, 2024, 25, 40053, 1001325, 0, 0, 0),
  (76, 7, 2024, 24, 46466, 1115184, 1, 361910, 1),
  (76, 8, 2024, 19, 39667, 753673, 1, 322240, 1),
  (76, 9, 2024, 21, 37180, 780780, 0, 0, 0),
  (76, 10, 2024, 25, 35019, 875475, 1, 392028, 1),
  (76, 11, 2024, 23, 43626, 1003398, 1, 397069, 1),
  (76, 12, 2024, 26, 37156, 966056, 0, 0, 0),
  (77, 1, 2024, 19, 47219, 897161, 1, 276914, 1),
  (77, 2, 2024, 23, 32559, 748857, 0, 0, 0),
  (77, 3, 2024, 18, 47945, 863010, 0, 0, 0),
  (77, 4, 2024, 26, 34910, 907660, 0, 0, 0),
  (77, 5, 2024, 23, 47050, 1082150, 1, 60943, 1),
  (77, 6, 2024, 21, 49108, 1031268, 1, 47679, 1),
  (77, 7, 2024, 26, 44597, 1159522, 0, 0, 0),
  (77, 8, 2024, 25, 34323, 858075, 1, 239493, 1),
  (77, 9, 2024, 18, 48310, 869580, 1, 352724, 1),
  (77, 10, 2024, 22, 30713, 675686, 1, 133408, 1),
  (77, 11, 2024, 18, 37140, 668520, 0, 0, 0),
  (77, 12, 2024, 18, 43883, 789894, 1, 367203, 1),
  (78, 1, 2024, 19, 47732, 906908, 0, 0, 0),
  (78, 2, 2024, 19, 45468, 863892, 0, 0, 0),
  (78, 3, 2024, 22, 43397, 954734, 0, 0, 0),
  (78, 4, 2024, 20, 43774, 875480, 1, 467315, 1),
  (78, 5, 2024, 24, 44697, 1072728, 1, 196946, 1),
  (78, 6, 2024, 19, 47671, 905749, 0, 0, 0),
  (78, 7, 2024, 23, 33887, 779401, 0, 0, 0),
  (78, 8, 2024, 26, 42879, 1114854, 0, 0, 0),
  (78, 9, 2024, 21, 30113, 632373, 0, 0, 0),
  (78, 10, 2024, 22, 45171, 993762, 1, 278886, 1),
  (78, 11, 2024, 24, 37525, 900600, 0, 0, 0),
  (78, 12, 2024, 25, 41342, 1033550, 0, 0, 0),
  (79, 1, 2024, 22, 36176, 795872, 0, 0, 0),
  (79, 2, 2024, 18, 43737, 787266, 0, 0, 0),
  (79, 3, 2024, 21, 36752, 771792, 0, 0, 0),
  (79, 4, 2024, 19, 49462, 939778, 0, 0, 0),
  (79, 5, 2024, 25, 49588, 1239700, 0, 0, 0),
  (79, 6, 2024, 21, 31449, 660429, 1, 230142, 1),
  (79, 7, 2024, 21, 47686, 1001406, 0, 0, 0),
  (79, 8, 2024, 18, 34591, 622638, 1, 122768, 1),
  (79, 9, 2024, 23, 48922, 1125206, 1, 124205, 1),
  (79, 10, 2024, 22, 34694, 763268, 0, 0, 0),
  (79, 11, 2024, 24, 39846, 956304, 1, 31959, 1),
  (79, 12, 2024, 26, 49387, 1284062, 0, 0, 0),
  (80, 1, 2024, 24, 48214, 1157136, 1, 24580, 1),
  (80, 2, 2024, 23, 42489, 977247, 1, 365066, 1),
  (80, 3, 2024, 24, 43377, 1041048, 0, 0, 0),
  (80, 4, 2024, 22, 42335, 931370, 0, 0, 0),
  (80, 5, 2024, 26, 45516, 1183416, 0, 0, 0),
  (80, 6, 2024, 21, 39854, 836934, 0, 0, 0),
  (80, 7, 2024, 25, 31888, 797200, 1, 218370, 1),
  (80, 8, 2024, 26, 47366, 1231516, 0, 0, 0),
  (80, 9, 2024, 24, 37957, 910968, 1, 106607, 1),
  (80, 10, 2024, 23, 32590, 749570, 1, 444141, 1),
  (80, 11, 2024, 23, 33029, 759667, 0, 0, 0),
  (80, 12, 2024, 18, 38796, 698328, 1, 353198, 1),
  (81, 1, 2024, 18, 32384, 582912, 0, 0, 0),
  (81, 2, 2024, 26, 37111, 964886, 1, 109518, 1),
  (81, 3, 2024, 23, 39934, 918482, 0, 0, 0),
  (81, 4, 2024, 21, 36226, 760746, 0, 0, 0),
  (81, 5, 2024, 25, 37949, 948725, 0, 0, 0),
  (81, 6, 2024, 24, 37842, 908208, 1, 406592, 1),
  (81, 7, 2024, 22, 42473, 934406, 1, 279786, 1),
  (81, 8, 2024, 23, 40106, 922438, 1, 188557, 1),
  (81, 9, 2024, 26, 46294, 1203644, 1, 51699, 1),
  (81, 10, 2024, 25, 40493, 1012325, 0, 0, 0),
  (81, 11, 2024, 23, 40253, 925819, 1, 23968, 1),
  (81, 12, 2024, 21, 34781, 730401, 0, 0, 0),
  (82, 1, 2024, 22, 48130, 1058860, 1, 154765, 1),
  (82, 2, 2024, 20, 36428, 728560, 1, 120596, 1),
  (82, 3, 2024, 24, 48670, 1168080, 0, 0, 0),
  (82, 4, 2024, 25, 48043, 1201075, 1, 134913, 1),
  (82, 5, 2024, 25, 46075, 1151875, 1, 88202, 1),
  (82, 6, 2024, 23, 35546, 817558, 0, 0, 0),
  (82, 7, 2024, 26, 46001, 1196026, 0, 0, 0),
  (82, 8, 2024, 26, 31924, 830024, 0, 0, 0),
  (82, 9, 2024, 19, 31589, 600191, 0, 0, 0),
  (82, 10, 2024, 24, 34505, 828120, 0, 0, 0),
  (82, 11, 2024, 19, 34948, 664012, 0, 0, 0),
  (82, 12, 2024, 21, 46571, 977991, 1, 195664, 1),
  (83, 1, 2024, 18, 45833, 824994, 1, 8247, 1),
  (83, 2, 2024, 18, 47439, 853902, 1, 6213, 1),
  (83, 3, 2024, 18, 47347, 852246, 1, 280881, 1),
  (83, 4, 2024, 22, 30561, 672342, 1, 422664, 1),
  (83, 5, 2024, 20, 33506, 670120, 0, 0, 0),
  (83, 6, 2024, 26, 34879, 906854, 0, 0, 0),
  (83, 7, 2024, 21, 47250, 992250, 1, 427407, 1),
  (83, 8, 2024, 23, 38759, 891457, 1, 41428, 1),
  (83, 9, 2024, 23, 43304, 995992, 1, 296223, 1),
  (83, 10, 2024, 21, 37400, 785400, 1, 358634, 1),
  (83, 11, 2024, 19, 31038, 589722, 0, 0, 0),
  (83, 12, 2024, 24, 42427, 1018248, 1, 289774, 1),
  (84, 1, 2024, 25, 31838, 795950, 0, 0, 0),
  (84, 2, 2024, 20, 32709, 654180, 1, 443196, 1),
  (84, 3, 2024, 24, 40855, 980520, 0, 0, 0),
  (84, 4, 2024, 26, 31394, 816244, 0, 0, 0),
  (84, 5, 2024, 21, 48572, 1020012, 1, 142131, 1),
  (84, 6, 2024, 18, 32436, 583848, 1, 471498, 1),
  (84, 7, 2024, 26, 48465, 1260090, 0, 0, 0),
  (84, 8, 2024, 20, 40305, 806100, 0, 0, 0),
  (84, 9, 2024, 21, 49235, 1033935, 0, 0, 0),
  (84, 10, 2024, 24, 32521, 780504, 1, 85170, 1),
  (84, 11, 2024, 21, 48569, 1019949, 1, 354961, 1),
  (84, 12, 2024, 26, 40870, 1062620, 1, 396156, 1),
  (85, 1, 2024, 20, 32569, 651380, 1, 28152, 1),
  (85, 2, 2024, 19, 44322, 842118, 0, 0, 0),
  (85, 3, 2024, 19, 41160, 782040, 1, 405565, 1),
  (85, 4, 2024, 23, 30970, 712310, 1, 410804, 1),
  (85, 5, 2024, 25, 46076, 1151900, 0, 0, 0),
  (85, 6, 2024, 23, 48121, 1106783, 1, 226412, 1),
  (85, 7, 2024, 20, 49197, 983940, 1, 44928, 1),
  (85, 8, 2024, 22, 38075, 837650, 0, 0, 0),
  (85, 9, 2024, 19, 38780, 736820, 0, 0, 0),
  (85, 10, 2024, 24, 35055, 841320, 1, 166030, 1),
  (85, 11, 2024, 23, 33491, 770293, 0, 0, 0),
  (85, 12, 2024, 18, 40101, 721818, 1, 188700, 1),
  (86, 1, 2024, 22, 33349, 733678, 0, 0, 0),
  (86, 2, 2024, 19, 36140, 686660, 1, 235323, 1),
  (86, 3, 2024, 26, 48177, 1252602, 1, 54155, 1),
  (86, 4, 2024, 18, 32936, 592848, 1, 290570, 1),
  (86, 5, 2024, 19, 49560, 941640, 1, 452837, 1),
  (86, 6, 2024, 24, 30404, 729696, 1, 216955, 1),
  (86, 7, 2024, 24, 32775, 786600, 0, 0, 0),
  (86, 8, 2024, 26, 35556, 924456, 1, 88867, 1),
  (86, 9, 2024, 20, 38811, 776220, 1, 140722, 1),
  (86, 10, 2024, 25, 34781, 869525, 0, 0, 0),
  (86, 11, 2024, 20, 44243, 884860, 1, 220778, 1),
  (86, 12, 2024, 22, 45867, 1009074, 0, 0, 0),
  (87, 1, 2024, 23, 38247, 879681, 0, 0, 0),
  (87, 2, 2024, 25, 49457, 1236425, 0, 0, 0),
  (87, 3, 2024, 25, 33505, 837625, 0, 0, 0),
  (87, 4, 2024, 22, 30221, 664862, 1, 174177, 1),
  (87, 5, 2024, 24, 40798, 979152, 1, 175498, 1),
  (87, 6, 2024, 24, 49477, 1187448, 0, 0, 0),
  (87, 7, 2024, 22, 40507, 891154, 0, 0, 0),
  (87, 8, 2024, 25, 40295, 1007375, 0, 0, 0),
  (87, 9, 2024, 24, 40457, 970968, 1, 385285, 1),
  (87, 10, 2024, 25, 48870, 1221750, 0, 0, 0),
  (87, 11, 2024, 23, 42322, 973406, 1, 428078, 1),
  (87, 12, 2024, 24, 41960, 1007040, 0, 0, 0),
  (88, 1, 2024, 21, 49406, 1037526, 0, 0, 0),
  (88, 2, 2024, 26, 30881, 802906, 1, 494390, 1),
  (88, 3, 2024, 21, 44367, 931707, 1, 435831, 1),
  (88, 4, 2024, 19, 43406, 824714, 1, 72969, 1),
  (88, 5, 2024, 22, 37930, 834460, 1, 345329, 1),
  (88, 6, 2024, 20, 43865, 877300, 1, 38779, 1),
  (88, 7, 2024, 25, 49593, 1239825, 1, 305263, 1),
  (88, 8, 2024, 24, 47510, 1140240, 1, 285026, 1),
  (88, 9, 2024, 18, 41781, 752058, 0, 0, 0),
  (88, 10, 2024, 19, 38134, 724546, 1, 87209, 1),
  (88, 11, 2024, 18, 48455, 872190, 1, 394622, 1),
  (88, 12, 2024, 23, 44105, 1014415, 0, 0, 0),
  (89, 1, 2024, 18, 33231, 598158, 1, 116392, 1),
  (89, 2, 2024, 26, 46999, 1221974, 0, 0, 0),
  (89, 3, 2024, 25, 42259, 1056475, 1, 242778, 1),
  (89, 4, 2024, 26, 34939, 908414, 1, 12877, 1),
  (89, 5, 2024, 25, 33425, 835625, 1, 218090, 1),
  (89, 6, 2024, 19, 33803, 642257, 0, 0, 0),
  (89, 7, 2024, 23, 40220, 925060, 1, 238725, 1),
  (89, 8, 2024, 21, 47075, 988575, 1, 182609, 1),
  (89, 9, 2024, 25, 33198, 829950, 1, 378532, 1),
  (89, 10, 2024, 25, 40450, 1011250, 0, 0, 0),
  (89, 11, 2024, 22, 31464, 692208, 0, 0, 0),
  (89, 12, 2024, 18, 41241, 742338, 0, 0, 0),
  (90, 1, 2024, 20, 37992, 759840, 0, 0, 0),
  (90, 2, 2024, 26, 35247, 916422, 1, 293522, 1),
  (90, 3, 2024, 24, 45140, 1083360, 0, 0, 0),
  (90, 4, 2024, 24, 36044, 865056, 0, 0, 0),
  (90, 5, 2024, 24, 42962, 1031088, 0, 0, 0),
  (90, 6, 2024, 21, 44731, 939351, 1, 203861, 1),
  (90, 7, 2024, 18, 37038, 666684, 0, 0, 0),
  (90, 8, 2024, 22, 32050, 705100, 0, 0, 0),
  (90, 9, 2024, 26, 36126, 939276, 1, 170909, 1),
  (90, 10, 2024, 21, 44993, 944853, 0, 0, 0),
  (90, 11, 2024, 22, 46039, 1012858, 1, 312984, 1),
  (90, 12, 2024, 24, 42862, 1028688, 0, 0, 0);

-- ── TeacherHasFile (40 rows) ───────────────────────────
INSERT INTO TeacherHasFile (id, idTeacher, idClass, fileName, filetype, fileAmount, fileStatus) VALUES
  (1, 72, 12, N'Bài tập về nhà 6.mp4', 'mp4', 5, 0),
  (2, 65, 9, N'Bài tập về nhà 10.mp3', 'mp3', 1, 0),
  (3, 71, 13, N'Bài tập về nhà 2.docx', 'docx', 3, 0),
  (4, 63, 4, N'Slide bài học 6.docx', 'docx', 5, 1),
  (5, 64, 13, N'Đề thi thử 10.docx', 'docx', 5, 1),
  (6, 69, 3, N'Đề thi thử 3.mp4', 'mp4', 5, 0),
  (7, 66, 4, N'Tài liệu tham khảo 3.mp4', 'mp4', 3, 0),
  (8, 68, 1, N'Slide bài học 6.mp4', 'mp4', 5, 0),
  (9, 65, 8, N'Bài tập về nhà 1.mp4', 'mp4', 2, 0),
  (10, 75, 16, N'Đề thi thử 9.mp3', 'mp3', 4, 1),
  (11, 65, 5, N'Đề thi thử 7.mp4', 'mp4', 4, 0),
  (12, 74, 20, N'Bài giảng Unit 10.pdf', 'pdf', 2, 1),
  (13, 74, 17, N'Bài giảng Unit 5.docx', 'docx', 5, 1),
  (14, 71, 9, N'Slide bài học 8.mp3', 'mp3', 4, 0),
  (15, 64, 6, N'Tài liệu tham khảo 2.pptx', 'pptx', 5, 1),
  (16, 67, 2, N'Tài liệu tham khảo 1.mp4', 'mp4', 5, 0),
  (17, 70, 7, N'Đề thi thử 2.docx', 'docx', 3, 0),
  (18, 67, 14, N'Đề thi thử 5.pptx', 'pptx', 1, 1),
  (19, 67, 20, N'Bài giảng Unit 4.docx', 'docx', 5, 1),
  (20, 70, 10, N'Tài liệu tham khảo 7.docx', 'docx', 5, 0),
  (21, 61, 19, N'Slide bài học 4.pdf', 'pdf', 5, 1),
  (22, 75, 15, N'Tài liệu tham khảo 5.mp3', 'mp3', 5, 0),
  (23, 66, 18, N'Bài tập về nhà 5.pptx', 'pptx', 5, 1),
  (24, 68, 12, N'Tài liệu tham khảo 2.docx', 'docx', 4, 0),
  (25, 71, 11, N'Bài tập về nhà 3.docx', 'docx', 2, 0),
  (26, 72, 6, N'Bài tập về nhà 4.mp4', 'mp4', 4, 0);

-- ── Log (100 rows) ─────────────────────────────────────
INSERT INTO Log (id, idUser, action, status, date) VALUES
  (1, 74, 'UPDATE_PROFILE', 1, '2024-07-11'),
  (2, 58, 'LOGOUT', 0, '2024-07-25'),
  (3, 66, 'UPDATE_PROFILE', 1, '2024-08-20'),
  (4, 63, 'VIEW_GRADE', 0, '2024-02-17'),
  (5, 94, 'VIEW_SCHEDULE', 1, '2024-02-02'),
  (6, 69, 'PAY_TUITION', 0, '2024-08-07'),
  (7, 28, 'VIEW_SCHEDULE', 1, '2024-06-14'),
  (8, 37, 'VIEW_GRADE', 0, '2024-10-16'),
  (9, 63, 'VIEW_GRADE', 0, '2024-01-24'),
  (10, 13, 'VIEW_SCHEDULE', 0, '2024-03-04'),
  (11, 21, 'VIEW_SCHEDULE', 1, '2024-01-01'),
  (12, 55, 'REGISTER_CLASS', 0, '2024-11-28'),
  (13, 39, 'VIEW_COURSE', 1, '2024-02-17'),
  (14, 84, 'VIEW_GRADE', 1, '2024-02-12'),
  (15, 48, 'VIEW_COURSE', 0, '2024-07-21'),
  (16, 81, 'UPDATE_PROFILE', 0, '2024-08-07'),
  (17, 84, 'LOGOUT', 0, '2024-01-01'),
  (18, 28, 'VIEW_SCHEDULE', 0, '2024-03-08'),
  (19, 76, 'REGISTER_CLASS', 1, '2024-01-05'),
  (20, 2, 'VIEW_GRADE', 0, '2024-08-04'),
  (21, 89, 'VIEW_COURSE', 1, '2024-02-06'),
  (22, 30, 'PAY_TUITION', 0, '2024-02-22'),
  (23, 14, 'VIEW_GRADE', 1, '2024-06-02'),
  (24, 18, 'PAY_TUITION', 0, '2024-11-24'),
  (25, 87, 'VIEW_COURSE', 0, '2024-09-28'),
  (26, 73, 'LOGIN', 0, '2024-08-13'),
  (27, 45, 'REGISTER_CLASS', 0, '2024-07-29'),
  (28, 79, 'VIEW_SCHEDULE', 0, '2024-02-14'),
  (29, 13, 'VIEW_COURSE', 0, '2024-10-28'),
  (30, 94, 'PAY_TUITION', 1, '2024-08-07'),
  (31, 41, 'VIEW_COURSE', 0, '2024-05-21'),
  (32, 83, 'LOGOUT', 0, '2024-10-10'),
  (33, 77, 'UPLOAD_FILE', 1, '2024-12-19'),
  (34, 4, 'UPDATE_PROFILE', 0, '2024-09-22'),
  (35, 78, 'CHANGE_PASSWORD', 0, '2024-07-19'),
  (36, 38, 'LOGIN', 0, '2024-09-10'),
  (37, 50, 'LOGOUT', 0, '2024-09-12'),
  (38, 82, 'UPLOAD_FILE', 0, '2024-09-27'),
  (39, 2, 'VIEW_GRADE', 1, '2024-03-08'),
  (40, 50, 'UPLOAD_FILE', 1, '2024-07-06'),
  (41, 70, 'VIEW_COURSE', 1, '2024-02-07'),
  (42, 3, 'UPLOAD_FILE', 0, '2024-01-08'),
  (43, 34, 'REGISTER_CLASS', 0, '2024-01-31'),
  (44, 51, 'CHANGE_PASSWORD', 1, '2024-11-17'),
  (45, 92, 'CHANGE_PASSWORD', 1, '2024-08-04'),
  (46, 90, 'PAY_TUITION', 0, '2024-11-23'),
  (47, 69, 'CHANGE_PASSWORD', 0, '2024-05-22'),
  (48, 11, 'UPDATE_PROFILE', 0, '2024-09-18'),
  (49, 27, 'VIEW_COURSE', 1, '2024-07-19'),
  (50, 76, 'LOGOUT', 1, '2024-12-23'),
  (51, 56, 'REGISTER_CLASS', 0, '2024-05-05'),
  (52, 12, 'PAY_TUITION', 0, '2024-08-20'),
  (53, 79, 'UPLOAD_FILE', 0, '2024-06-07'),
  (54, 86, 'VIEW_COURSE', 0, '2024-01-07'),
  (55, 91, 'VIEW_COURSE', 0, '2024-03-24'),
  (56, 64, 'VIEW_GRADE', 1, '2024-03-26'),
  (57, 48, 'VIEW_COURSE', 1, '2024-03-01'),
  (58, 99, 'LOGIN', 1, '2024-08-07'),
  (59, 35, 'CHANGE_PASSWORD', 0, '2024-05-14'),
  (60, 92, 'UPLOAD_FILE', 0, '2024-09-11'),
  (61, 59, 'CHANGE_PASSWORD', 1, '2024-01-29'),
  (62, 64, 'UPLOAD_FILE', 0, '2024-07-07'),
  (63, 21, 'UPDATE_PROFILE', 0, '2024-10-20'),
  (64, 87, 'LOGOUT', 0, '2024-09-17'),
  (65, 1, 'LOGIN', 0, '2024-05-05'),
  (66, 6, 'VIEW_SCHEDULE', 1, '2024-07-15'),
  (67, 20, 'VIEW_COURSE', 0, '2024-10-10'),
  (68, 92, 'PAY_TUITION', 0, '2024-06-13'),
  (69, 32, 'PAY_TUITION', 1, '2024-05-18'),
  (70, 10, 'UPLOAD_FILE', 1, '2024-03-02'),
  (71, 65, 'LOGIN', 0, '2024-04-24'),
  (72, 67, 'LOGIN', 1, '2024-02-05'),
  (73, 60, 'UPDATE_PROFILE', 1, '2024-06-16'),
  (74, 12, 'CHANGE_PASSWORD', 1, '2024-01-05'),
  (75, 48, 'REGISTER_CLASS', 1, '2024-10-15'),
  (76, 39, 'UPLOAD_FILE', 0, '2024-08-25'),
  (77, 48, 'UPLOAD_FILE', 1, '2024-04-10'),
  (78, 94, 'CHANGE_PASSWORD', 0, '2024-03-18'),
  (79, 1, 'PAY_TUITION', 0, '2024-04-29'),
  (80, 70, 'VIEW_GRADE', 0, '2024-06-20'),
  (81, 1, 'PAY_TUITION', 1, '2024-02-23'),
  (82, 27, 'CHANGE_PASSWORD', 0, '2024-08-02'),
  (83, 63, 'LOGIN', 0, '2024-12-30'),
  (84, 36, 'LOGOUT', 0, '2024-04-28'),
  (85, 67, 'PAY_TUITION', 1, '2024-08-22'),
  (86, 96, 'LOGOUT', 0, '2024-09-15'),
  (87, 18, 'PAY_TUITION', 0, '2024-10-30'),
  (88, 73, 'LOGIN', 1, '2024-12-05'),
  (89, 17, 'REGISTER_CLASS', 1, '2024-05-13'),
  (90, 41, 'PAY_TUITION', 1, '2024-06-11'),
  (91, 58, 'UPDATE_PROFILE', 0, '2024-02-08'),
  (92, 26, 'VIEW_COURSE', 0, '2024-03-20'),
  (93, 14, 'VIEW_COURSE', 1, '2024-08-26'),
  (94, 41, 'PAY_TUITION', 0, '2024-10-01'),
  (95, 46, 'REGISTER_CLASS', 1, '2024-06-06'),
  (96, 60, 'UPDATE_PROFILE', 0, '2024-02-16'),
  (97, 21, 'UPDATE_PROFILE', 0, '2024-04-20'),
  (98, 42, 'VIEW_COURSE', 0, '2024-12-30'),
  (99, 32, 'VIEW_GRADE', 1, '2024-09-19'),
  (100, 7, 'UPDATE_PROFILE', 1, '2024-03-30');

-- ── RegisterLog (50 rows) ──────────────────────────────
INSERT INTO RegisterLog (id, idUser, email, date) VALUES
  (1, 4, 'user004@bkec.edu.vn', '2023-12-25'),
  (2, 58, 'user058@bkec.edu.vn', '2024-03-11'),
  (3, 96, 'user096@bkec.edu.vn', '2024-03-08'),
  (4, 32, 'user032@bkec.edu.vn', '2023-07-19'),
  (5, 60, 'user060@bkec.edu.vn', '2023-07-23'),
  (6, 18, 'user018@bkec.edu.vn', '2023-08-02'),
  (7, 2, 'user002@bkec.edu.vn', '2023-07-02'),
  (8, 100, 'user100@bkec.edu.vn', '2023-09-22'),
  (9, 17, 'user017@bkec.edu.vn', '2023-09-10'),
  (10, 52, 'user052@bkec.edu.vn', '2023-12-08'),
  (11, 88, 'user088@bkec.edu.vn', '2024-04-18'),
  (12, 83, 'user083@bkec.edu.vn', '2023-07-14'),
  (13, 75, 'user075@bkec.edu.vn', '2024-03-27'),
  (14, 34, 'user034@bkec.edu.vn', '2023-07-09'),
  (15, 3, 'user003@bkec.edu.vn', '2023-07-04'),
  (16, 26, 'user026@bkec.edu.vn', '2024-04-26'),
  (17, 57, 'user057@bkec.edu.vn', '2023-08-05'),
  (18, 12, 'user012@bkec.edu.vn', '2023-11-17'),
  (19, 16, 'user016@bkec.edu.vn', '2023-06-22'),
  (20, 60, 'user060@bkec.edu.vn', '2023-06-26'),
  (21, 22, 'user022@bkec.edu.vn', '2024-03-20'),
  (22, 56, 'user056@bkec.edu.vn', '2024-06-05'),
  (23, 51, 'user051@bkec.edu.vn', '2024-02-10'),
  (24, 4, 'user004@bkec.edu.vn', '2023-12-13'),
  (25, 88, 'user088@bkec.edu.vn', '2024-01-05'),
  (26, 23, 'user023@bkec.edu.vn', '2023-11-29'),
  (27, 28, 'user028@bkec.edu.vn', '2023-09-04'),
  (28, 36, 'user036@bkec.edu.vn', '2023-10-22'),
  (29, 58, 'user058@bkec.edu.vn', '2023-08-16'),
  (30, 5, 'user005@bkec.edu.vn', '2024-04-10'),
  (31, 80, 'user080@bkec.edu.vn', '2024-04-11'),
  (32, 32, 'user032@bkec.edu.vn', '2024-04-27'),
  (33, 38, 'user038@bkec.edu.vn', '2024-02-11'),
  (34, 53, 'user053@bkec.edu.vn', '2024-03-08'),
  (35, 62, 'user062@bkec.edu.vn', '2023-07-02'),
  (36, 12, 'user012@bkec.edu.vn', '2023-10-22'),
  (37, 50, 'user050@bkec.edu.vn', '2023-08-10'),
  (38, 54, 'user054@bkec.edu.vn', '2023-09-11'),
  (39, 83, 'user083@bkec.edu.vn', '2024-02-25'),
  (40, 32, 'user032@bkec.edu.vn', '2024-04-18'),
  (41, 70, 'user070@bkec.edu.vn', '2023-06-10'),
  (42, 49, 'user049@bkec.edu.vn', '2024-05-31'),
  (43, 46, 'user046@bkec.edu.vn', '2024-02-01'),
  (44, 70, 'user070@bkec.edu.vn', '2024-02-04'),
  (45, 45, 'user045@bkec.edu.vn', '2024-03-16'),
  (46, 65, 'user065@bkec.edu.vn', '2023-11-12'),
  (47, 50, 'user050@bkec.edu.vn', '2023-10-17'),
  (48, 24, 'user024@bkec.edu.vn', '2023-06-14'),
  (49, 41, 'user041@bkec.edu.vn', '2024-04-01'),
  (50, 29, 'user029@bkec.edu.vn', '2023-06-16');

-- ── Sponsors (20 rows) ─────────────────────────────────
INSERT INTO Sponsors (id, name, amount, status) VALUES
  (1, N'Công ty TNHH ABC', 50000000, 1),
  (2, N'Tập đoàn XYZ', 4000000, 1),
  (3, N'Quỹ học bổng Việt Nam', 34000000, 1),
  (4, N'Doanh nghiệp DEF', 50000000, 0),
  (5, N'Tổ chức GHI', 11000000, 0),
  (6, N'Công ty CP MNO', 16000000, 0),
  (7, N'Quỹ phát triển giáo dục', 18000000, 0),
  (8, N'Tập đoàn công nghệ STU', 49000000, 0),
  (9, N'Doanh nghiệp VWX', 37000000, 1),
  (10, N'Công ty TNHH YZA', 23000000, 0),
  (11, N'Tổ chức phi lợi nhuận BCD', 12000000, 0),
  (12, N'Tập đoàn EFG', 38000000, 1),
  (13, N'Quỹ học bổng HIJ', 48000000, 1),
  (14, N'Công ty CP KLM', 38000000, 0),
  (15, N'Tập đoàn NOP', 46000000, 1),
  (16, N'Doanh nghiệp QRS', 37000000, 0),
  (17, N'Công ty TNHH TUV', 37000000, 0),
  (18, N'Quỹ phát triển WXY', 32000000, 1),
  (19, N'Tổ chức ZAB', 12000000, 1),
  (20, N'Công ty CP CDE', 3000000, 0);

-- ── Emails (30 rows) ───────────────────────────────────
INSERT INTO Emails (id, email, role) VALUES
  (1, 'bkec.contact01@yahoo.com', 'student'),
  (2, 'bkec.contact02@yahoo.com', 'staff'),
  (3, 'bkec.contact03@hotmail.com', 'student'),
  (4, 'bkec.contact04@outlook.com', 'student'),
  (5, 'bkec.contact05@yahoo.com', 'staff'),
  (6, 'bkec.contact06@outlook.com', 'student'),
  (7, 'bkec.contact07@yahoo.com', 'staff'),
  (8, 'bkec.contact08@gmail.com', 'teacher'),
  (9, 'bkec.contact09@yahoo.com', 'student'),
  (10, 'bkec.contact10@yahoo.com', 'staff'),
  (11, 'bkec.contact11@outlook.com', 'student'),
  (12, 'bkec.contact12@outlook.com', 'student'),
  (13, 'bkec.contact13@hotmail.com', 'staff'),
  (14, 'bkec.contact14@gmail.com', 'staff'),
  (15, 'bkec.contact15@outlook.com', 'teacher'),
  (16, 'bkec.contact16@yahoo.com', 'teacher'),
  (17, 'bkec.contact17@hotmail.com', 'student'),
  (18, 'bkec.contact18@hotmail.com', 'staff'),
  (19, 'bkec.contact19@outlook.com', 'staff'),
  (20, 'bkec.contact20@outlook.com', 'student'),
  (21, 'bkec.contact21@yahoo.com', 'student'),
  (22, 'bkec.contact22@outlook.com', 'teacher'),
  (23, 'bkec.contact23@outlook.com', 'staff'),
  (24, 'bkec.contact24@yahoo.com', 'student'),
  (25, 'bkec.contact25@gmail.com', 'staff'),
  (26, 'bkec.contact26@hotmail.com', 'staff'),
  (27, 'bkec.contact27@gmail.com', 'staff'),
  (28, 'bkec.contact28@outlook.com', 'student'),
  (29, 'bkec.contact29@yahoo.com', 'staff'),
  (30, 'bkec.contact30@gmail.com', 'staff');

SET FOREIGN_KEY_CHECKS = 1;

-- ── Verification queries ────────────────────────────────
SELECT 'Users'           AS tbl, COUNT(*) AS rows FROM Users;
SELECT 'Students'        AS tbl, COUNT(*) AS rows FROM Students;
SELECT 'Teachers'        AS tbl, COUNT(*) AS rows FROM Teachers;
SELECT 'Staff'           AS tbl, COUNT(*) AS rows FROM Staff;
SELECT 'Admin'           AS tbl, COUNT(*) AS rows FROM Admin;
SELECT 'Courses'         AS tbl, COUNT(*) AS rows FROM Courses;
SELECT 'Classes'         AS tbl, COUNT(*) AS rows FROM Classes;
SELECT 'StudentJoinClass'AS tbl, COUNT(*) AS rows FROM StudentJoinClass;
SELECT 'TeacherJoinClass'AS tbl, COUNT(*) AS rows FROM TeacherJoinClass;
SELECT 'ManageStaff'     AS tbl, COUNT(*) AS rows FROM ManageStaff;
SELECT 'TeacherHasFile'  AS tbl, COUNT(*) AS rows FROM TeacherHasFile;
SELECT 'Log'             AS tbl, COUNT(*) AS rows FROM Log;
SELECT 'RegisterLog'     AS tbl, COUNT(*) AS rows FROM RegisterLog;
SELECT 'Sponsors'        AS tbl, COUNT(*) AS rows FROM Sponsors;
SELECT 'Emails'          AS tbl, COUNT(*) AS rows FROM Emails;